{
  "id": "random",
  "container": {
    "x": [
      0.006163,
      0.02153,
      0.139099,
      0.253792,
      0.32327,
      0.041903,
      0.282613,
      0.250263,
      0.359032,
      0.454983,
      0.334169,
      0.174188,
      0.086242,
      0.048492,
      0.407462,
      0.562675,
      0.570019,
      0.58791,
      0.625291,
      0.728551,
      0.71089,
      0.624317,
      0.565475,
      0.701847,
      0.95504,
      0.897717,
      0.84809,
      0.959165,
      0.977513,
      0.847022,
      0.92688,
      0.649168,
      0.613457,
      0.665096,
      0.608165,
      0.645818,
      0.664051,
      0.742333,
      0.82167,
      0.667136,
      0.627765,
      0.6266,
      0.5901,
      0.580947,
      0.456769,
      0.519203,
      0.511399,
      0.51031,
      0.506243,
      0.465873
    ],
    "y": [
      0.008251,
      0.147107,
      0.171994,
      0.157031,
      0.173478,
      0.416286,
      0.435633,
      0.579046,
      0.656759,
      0.639543,
      0.686082,
      0.721,
      0.757651,
      0.860426,
      0.944167,
      0.883499,
      0.81587,
      0.756161,
      0.77558,
      0.693318,
      0.791974,
      0.789673,
      0.949586,
      0.95583,
      0.851795,
      0.674967,
      0.634007,
      0.656949,
      0.338727,
      0.287082,
      0.012597,
      0.179581,
      0.217555,
      0.290363,
      0.353522,
      0.410562,
      0.431311,
      0.477231,
      0.489255,
      0.612797,
      0.597349,
      0.492135,
      0.467744,
      0.471416,
      0.377588,
      0.301077,
      0.226649,
      0.237571,
      0.147596,
      0.03116
    ]
  },
  "items": [
    {
      "id": 0,
      "x": [
        0.139099,
        0.253792,
        0.32327,
        0.041903,
        0.282613,
        0.250263,
        0.359032,
        0.454983,
        0.334169,
        0.174188,
        0.086242,
        0.048492,
        0.407462,
        0.562675,
        0.570019,
        0.58791,
        0.625291,
        0.728551,
        0.71089,
        0.624317,
        0.565475,
        0.701847,
        0.95504,
        0.897717,
        0.84809,
        0.959165,
        0.977513,
        0.847022,
        0.92688,
        0.649168,
        0.613457,
        0.665096,
        0.608165,
        0.645818,
        0.664051,
        0.742333,
        0.82167,
        0.667136,
        0.627765,
        0.6266,
        0.5901,
        0.580947,
        0.456769,
        0.519203,
        0.5150627580152856,
        0.3773962287709568,
        0.1785968743650772,
        0.06445421009978641,
        0.023181235798652645,
        0.05123745980896029,
        0.02744449558404154,
        0.042941735643967,
        0.11347668432194044,
        0.12579949435545473,
        0.09683366149383638
      ],
      "y": [
        0.171994,
        0.157031,
        0.173478,
        0.416286,
        0.435633,
        0.579046,
        0.656759,
        0.639543,
        0.686082,
        0.721,
        0.757651,
        0.860426,
        0.944167,
        0.883499,
        0.81587,
        0.756161,
        0.77558,
        0.693318,
        0.791974,
        0.789673,
        0.949586,
        0.95583,
        0.851795,
        0.674967,
        0.634007,
        0.656949,
        0.338727,
        0.287082,
        0.012597,
        0.179581,
        0.217555,
        0.290363,
        0.353522,
        0.410562,
        0.431311,
        0.477231,
        0.489255,
        0.612797,
        0.597349,
        0.492135,
        0.467744,
        0.471416,
        0.377588,
        0.301077,
        0.2615908479704859,
        0.07038723415015072,
        0.14941784823526222,
        0.014378885102859978,
        0.058204415563207955,
        0.12885417942369215,
        0.08487141739986784,
        0.1386229588993016,
        0.0844653862082383,
        0.13741690950123295,
        0.1630472752732192
      ]
    },
    {
      "id": 1,
      "x": [
        0.1785968743650772,
        0.3773962287709568,
        0.5150627580152856,
        0.511399,
        0.51031,
        0.5077185957912967,
        0.44438238703435884,
        0.37668581523542527,
        0.30149822364147555,
        0.23557570631472513,
        0.09663436161697986,
        0.24000514403189088,
        0.33043823495988034,
        0.13304988680936466,
        0.06557766685077512,
        0.12507031999762275
      ],
      "y": [
        0.14941784823526222,
        0.07038723415015072,
        0.2615908479704859,
        0.226649,
        0.237571,
        0.18024088107251685,
        0.07119380162932953,
        0.03819547980263067,
        0.040780740285711374,
        0.03653584229314018,
        0.016266570625953044,
        0.04249892594343051,
        0.04543827728269001,
        0.04259062431421229,
        0.014206237931657748,
        0.08609209315185654
      ]
    },
    {
      "id": 2,
      "x": [
        0.506243,
        0.465873,
        0.006163,
        0.02153,
        0.09683366149383638,
        0.12579949435545473,
        0.11347668432194044,
        0.042941735643967,
        0.02744449558404154,
        0.05123745980896029,
        0.023181235798652645,
        0.06445421009978641,
        0.12507031999762275,
        0.06557766685077512,
        0.13304988680936466,
        0.33043823495988034,
        0.24000514403189088,
        0.09663436161697986,
        0.23557570631472513,
        0.30149822364147555,
        0.37668581523542527,
        0.44438238703435884,
        0.5077185957912967
      ],
      "y": [
        0.147596,
        0.03116,
        0.008251,
        0.147107,
        0.1630472752732192,
        0.13741690950123295,
        0.0844653862082383,
        0.1386229588993016,
        0.08487141739986784,
        0.12885417942369215,
        0.058204415563207955,
        0.014378885102859978,
        0.08609209315185654,
        0.014206237931657748,
        0.04259062431421229,
        0.04543827728269001,
        0.04249892594343051,
        0.016266570625953044,
        0.03653584229314018,
        0.040780740285711374,
        0.03819547980263067,
        0.07119380162932953,
        0.18024088107251685
      ]
    }
  ]
}